Region,Pct Of Total Revenue
,0.029013953
Midwest,0.137006149
Northeast,0.194340231
South,0.285621543
West,0.354018124
